[{"fields": {"model": "logentry", "app_label": "admin"}, "model": "contenttypes.contenttype", "pk": 1}, {"fields": {"model": "permission", "app_label": "auth"}, "model": "contenttypes.contenttype", "pk": 2}, {"fields": {"model": "group", "app_label": "auth"}, "model": "contenttypes.contenttype", "pk": 3}, {"fields": {"model": "user", "app_label": "auth"}, "model": "contenttypes.contenttype", "pk": 4}, {"fields": {"model": "contenttype", "app_label": "contenttypes"}, "model": "contenttypes.contenttype", "pk": 5}, {"fields": {"model": "session", "app_label": "sessions"}, "model": "contenttypes.contenttype", "pk": 6}, {"fields": {"model": "post", "app_label": "board"}, "model": "contenttypes.contenttype", "pk": 7}, {"fields": {"model": "comment", "app_label": "board"}, "model": "contenttypes.contenttype", "pk": 8}, {"fields": {"model": "csvimport", "app_label": "csvimport"}, "model": "contenttypes.contenttype", "pk": 9}, {"fields": {"model": "importmodel", "app_label": "csvimport"}, "model": "contenttypes.contenttype", "pk": 10}, {"fields": {"model": "follow", "app_label": "board"}, "model": "contenttypes.contenttype", "pk": 12}, {"fields": {"model": "tag", "app_label": "board"}, "model": "contenttypes.contenttype", "pk": 13}, {"fields": {"model": "posttag", "app_label": "board"}, "model": "contenttypes.contenttype", "pk": 14}, {"fields": {"model": "proof", "app_label": "board"}, "model": "contenttypes.contenttype", "pk": 15}, {"fields": {"expire_date": "2016-09-16T00:41:22.849Z", "session_data": "NDU3NzYxMWI1NWZjODBiMzNmZDMwN2VjMjg3NTkyNjU1YmI0NmVjNDp7Il9hdXRoX3VzZXJfaGFzaCI6IjFjMGYwM2EyZDdmNDUzNTk4MDg1ZTdjYjIzZjQwYjc3ZDY2ZGIzZTUiLCJfYXV0aF91c2VyX2JhY2tlbmQiOiJkamFuZ28uY29udHJpYi5hdXRoLmJhY2tlbmRzLk1vZGVsQmFja2VuZCIsIl9hdXRoX3VzZXJfaWQiOiIxNiJ9"}, "model": "sessions.session", "pk": "3dgdygodgls6eq2mqi13wuviggkpma9u"}, {"fields": {"expire_date": "2016-10-11T18:09:18.435Z", "session_data": "NDU3NzYxMWI1NWZjODBiMzNmZDMwN2VjMjg3NTkyNjU1YmI0NmVjNDp7Il9hdXRoX3VzZXJfaGFzaCI6IjFjMGYwM2EyZDdmNDUzNTk4MDg1ZTdjYjIzZjQwYjc3ZDY2ZGIzZTUiLCJfYXV0aF91c2VyX2JhY2tlbmQiOiJkamFuZ28uY29udHJpYi5hdXRoLmJhY2tlbmRzLk1vZGVsQmFja2VuZCIsIl9hdXRoX3VzZXJfaWQiOiIxNiJ9"}, "model": "sessions.session", "pk": "4dfrb99p0llnxcvlxm5e36e545mekux3"}, {"fields": {"expire_date": "2016-09-16T00:43:58.111Z", "session_data": "NDU3NzYxMWI1NWZjODBiMzNmZDMwN2VjMjg3NTkyNjU1YmI0NmVjNDp7Il9hdXRoX3VzZXJfaGFzaCI6IjFjMGYwM2EyZDdmNDUzNTk4MDg1ZTdjYjIzZjQwYjc3ZDY2ZGIzZTUiLCJfYXV0aF91c2VyX2JhY2tlbmQiOiJkamFuZ28uY29udHJpYi5hdXRoLmJhY2tlbmRzLk1vZGVsQmFja2VuZCIsIl9hdXRoX3VzZXJfaWQiOiIxNiJ9"}, "model": "sessions.session", "pk": "maizo7xvs9m1zaldiwyzs3iobilc3vhu"}, {"fields": {"expire_date": "2016-10-12T22:27:25.278Z", "session_data": "NTQ2YTI1N2MzNDFmZGE2YTg2MDQ0ZWJiODEwNmJkNmYzMDZlNjk2OTp7Il9hdXRoX3VzZXJfaGFzaCI6IjFiYmQ3NThkZjNhNTAzOWZkZTg5ZmQwMmU3NWE4ZjYyZmNlNmViOGMiLCJfYXV0aF91c2VyX2JhY2tlbmQiOiJkamFuZ28uY29udHJpYi5hdXRoLmJhY2tlbmRzLk1vZGVsQmFja2VuZCIsIl9hdXRoX3VzZXJfaWQiOiIxIn0="}, "model": "sessions.session", "pk": "rsnrc3xr48qjpqhy7mpbeox1eexi3cxo"}, {"fields": {"text": "this"}, "model": "board.tag", "pk": 1}, {"fields": {"text": "test"}, "model": "board.tag", "pk": 2}, {"fields": {"text": "important"}, "model": "board.tag", "pk": 3}, {"fields": {"post": 23, "tag": 1}, "model": "board.posttag", "pk": 1}, {"fields": {"post": 23, "tag": 2}, "model": "board.posttag", "pk": 2}, {"fields": {"post": 24, "tag": 2}, "model": "board.posttag", "pk": 3}, {"fields": {"post": 32, "tag": 3}, "model": "board.posttag", "pk": 4}, {"fields": {"codename": "add_logentry", "name": "Can add log entry", "content_type": 1}, "model": "auth.permission", "pk": 1}, {"fields": {"codename": "change_logentry", "name": "Can change log entry", "content_type": 1}, "model": "auth.permission", "pk": 2}, {"fields": {"codename": "delete_logentry", "name": "Can delete log entry", "content_type": 1}, "model": "auth.permission", "pk": 3}, {"fields": {"codename": "add_permission", "name": "Can add permission", "content_type": 2}, "model": "auth.permission", "pk": 4}, {"fields": {"codename": "change_permission", "name": "Can change permission", "content_type": 2}, "model": "auth.permission", "pk": 5}, {"fields": {"codename": "delete_permission", "name": "Can delete permission", "content_type": 2}, "model": "auth.permission", "pk": 6}, {"fields": {"codename": "add_group", "name": "Can add group", "content_type": 3}, "model": "auth.permission", "pk": 7}, {"fields": {"codename": "change_group", "name": "Can change group", "content_type": 3}, "model": "auth.permission", "pk": 8}, {"fields": {"codename": "delete_group", "name": "Can delete group", "content_type": 3}, "model": "auth.permission", "pk": 9}, {"fields": {"codename": "add_user", "name": "Can add user", "content_type": 4}, "model": "auth.permission", "pk": 10}, {"fields": {"codename": "change_user", "name": "Can change user", "content_type": 4}, "model": "auth.permission", "pk": 11}, {"fields": {"codename": "delete_user", "name": "Can delete user", "content_type": 4}, "model": "auth.permission", "pk": 12}, {"fields": {"codename": "add_contenttype", "name": "Can add content type", "content_type": 5}, "model": "auth.permission", "pk": 13}, {"fields": {"codename": "change_contenttype", "name": "Can change content type", "content_type": 5}, "model": "auth.permission", "pk": 14}, {"fields": {"codename": "delete_contenttype", "name": "Can delete content type", "content_type": 5}, "model": "auth.permission", "pk": 15}, {"fields": {"codename": "add_session", "name": "Can add session", "content_type": 6}, "model": "auth.permission", "pk": 16}, {"fields": {"codename": "change_session", "name": "Can change session", "content_type": 6}, "model": "auth.permission", "pk": 17}, {"fields": {"codename": "delete_session", "name": "Can delete session", "content_type": 6}, "model": "auth.permission", "pk": 18}, {"fields": {"codename": "add_post", "name": "Can add post", "content_type": 7}, "model": "auth.permission", "pk": 19}, {"fields": {"codename": "change_post", "name": "Can change post", "content_type": 7}, "model": "auth.permission", "pk": 20}, {"fields": {"codename": "delete_post", "name": "Can delete post", "content_type": 7}, "model": "auth.permission", "pk": 21}, {"fields": {"codename": "add_comment", "name": "Can add comment", "content_type": 8}, "model": "auth.permission", "pk": 22}, {"fields": {"codename": "change_comment", "name": "Can change comment", "content_type": 8}, "model": "auth.permission", "pk": 23}, {"fields": {"codename": "delete_comment", "name": "Can delete comment", "content_type": 8}, "model": "auth.permission", "pk": 24}, {"fields": {"codename": "add_csvimport", "name": "Can add csv import", "content_type": 9}, "model": "auth.permission", "pk": 25}, {"fields": {"codename": "change_csvimport", "name": "Can change csv import", "content_type": 9}, "model": "auth.permission", "pk": 26}, {"fields": {"codename": "delete_csvimport", "name": "Can delete csv import", "content_type": 9}, "model": "auth.permission", "pk": 27}, {"fields": {"codename": "add_importmodel", "name": "Can add import model", "content_type": 10}, "model": "auth.permission", "pk": 28}, {"fields": {"codename": "change_importmodel", "name": "Can change import model", "content_type": 10}, "model": "auth.permission", "pk": 29}, {"fields": {"codename": "delete_importmodel", "name": "Can delete import model", "content_type": 10}, "model": "auth.permission", "pk": 30}, {"fields": {"codename": "add_follow", "name": "Can add follow", "content_type": 12}, "model": "auth.permission", "pk": 34}, {"fields": {"codename": "change_follow", "name": "Can change follow", "content_type": 12}, "model": "auth.permission", "pk": 35}, {"fields": {"codename": "delete_follow", "name": "Can delete follow", "content_type": 12}, "model": "auth.permission", "pk": 36}, {"fields": {"codename": "add_tag", "name": "Can add tag", "content_type": 13}, "model": "auth.permission", "pk": 37}, {"fields": {"codename": "change_tag", "name": "Can change tag", "content_type": 13}, "model": "auth.permission", "pk": 38}, {"fields": {"codename": "delete_tag", "name": "Can delete tag", "content_type": 13}, "model": "auth.permission", "pk": 39}, {"fields": {"codename": "add_posttag", "name": "Can add post tag", "content_type": 14}, "model": "auth.permission", "pk": 40}, {"fields": {"codename": "change_posttag", "name": "Can change post tag", "content_type": 14}, "model": "auth.permission", "pk": 41}, {"fields": {"codename": "delete_posttag", "name": "Can delete post tag", "content_type": 14}, "model": "auth.permission", "pk": 42}, {"fields": {"codename": "add_proof", "name": "Can add proof", "content_type": 15}, "model": "auth.permission", "pk": 43}, {"fields": {"codename": "change_proof", "name": "Can change proof", "content_type": 15}, "model": "auth.permission", "pk": 44}, {"fields": {"codename": "delete_proof", "name": "Can delete proof", "content_type": 15}, "model": "auth.permission", "pk": 45}, {"fields": {"username": "mhinckley", "first_name": "", "last_name": "", "is_active": true, "is_superuser": false, "is_staff": false, "last_login": "2016-11-02T23:24:52.039Z", "groups": [], "user_permissions": [], "password": "pbkdf2_sha256$20000$ELeEwbhJKGUs$9DzFinxtgH4NnEjJ9LvHSlmXFRQUqclVYOeiPpg1H8I=", "email": "", "date_joined": "2016-08-29T17:29:55.634Z"}, "model": "auth.user", "pk": 1}, {"fields": {"username": "radical123", "first_name": "", "last_name": "", "is_active": true, "is_superuser": false, "is_staff": false, "last_login": "2016-08-29T19:51:55.190Z", "groups": [], "user_permissions": [], "password": "pbkdf2_sha256$20000$jiR7PoGpSbxA$yS5QPHEtJqXBOFGLlsTpql9UT2Zw71CxlAKC3GOZHUk=", "email": "", "date_joined": "2016-08-29T19:51:41.693Z"}, "model": "auth.user", "pk": 2}, {"fields": {"username": "sevenpeople", "first_name": "", "last_name": "", "is_active": true, "is_superuser": false, "is_staff": false, "last_login": null, "groups": [], "user_permissions": [], "password": "pbkdf2_sha256$20000$3mIoCj76kgaC$Y7XL1IWl/BB2WM/HvHomxIdqS4RAWKPlWyHsvc2D/DE=", "email": "", "date_joined": "2016-08-29T19:56:25.788Z"}, "model": "auth.user", "pk": 3}, {"fields": {"username": "hellopeople", "first_name": "", "last_name": "", "is_active": true, "is_superuser": false, "is_staff": false, "last_login": null, "groups": [], "user_permissions": [], "password": "pbkdf2_sha256$20000$WoAjP5AboqLr$BnGM+HR4tHHnWvyan80cwMOY5n39Ci6bxJrcGuDV0vA=", "email": "", "date_joined": "2016-08-29T19:57:12.945Z"}, "model": "auth.user", "pk": 4}, {"fields": {"username": "niceperson", "first_name": "", "last_name": "", "is_active": true, "is_superuser": false, "is_staff": false, "last_login": null, "groups": [], "user_permissions": [], "password": "pbkdf2_sha256$20000$tMzboAXhWiVU$hIhvXNhETtLUUIxmCDrVahvf+Rpj1KN5Qs/UO7bprhQ=", "email": "", "date_joined": "2016-08-29T19:58:22.577Z"}, "model": "auth.user", "pk": 5}, {"fields": {"username": "againmike", "first_name": "", "last_name": "", "is_active": true, "is_superuser": false, "is_staff": false, "last_login": null, "groups": [], "user_permissions": [], "password": "pbkdf2_sha256$20000$FkOYtI5JCDgN$BHyQPAwjIy1zGNeSYX0hGZJlAsljmeiZOLkXrhTHZlY=", "email": "", "date_joined": "2016-08-29T19:59:17.603Z"}, "model": "auth.user", "pk": 6}, {"fields": {"username": "wolf", "first_name": "", "last_name": "", "is_active": true, "is_superuser": false, "is_staff": false, "last_login": null, "groups": [], "user_permissions": [], "password": "pbkdf2_sha256$20000$zoIeTiICshq7$ORSzJ3chhEsZzOGkRG7IzLYAYZlxtXnO+l0Zh/l0tLQ=", "email": "", "date_joined": "2016-08-29T20:02:42.752Z"}, "model": "auth.user", "pk": 7}, {"fields": {"username": "another", "first_name": "", "last_name": "", "is_active": true, "is_superuser": false, "is_staff": false, "last_login": null, "groups": [], "user_permissions": [], "password": "pbkdf2_sha256$20000$ITghyVApiH97$fK4/LTy0kJanaOAgIthKTwrJIbB/CrxjauNWgyNv/Ao=", "email": "", "date_joined": "2016-08-29T20:08:20.615Z"}, "model": "auth.user", "pk": 8}, {"fields": {"username": "yup", "first_name": "", "last_name": "", "is_active": true, "is_superuser": false, "is_staff": false, "last_login": null, "groups": [], "user_permissions": [], "password": "pbkdf2_sha256$20000$DlsqThpEfDDr$cLbjaFdeZzLlAkWK8FPptltHOAHWKP/a6KYHfe7USqA=", "email": "", "date_joined": "2016-08-29T20:09:01.275Z"}, "model": "auth.user", "pk": 9}, {"fields": {"username": "hellasd", "first_name": "", "last_name": "", "is_active": true, "is_superuser": false, "is_staff": false, "last_login": null, "groups": [], "user_permissions": [], "password": "pbkdf2_sha256$20000$cKkLsaHJUzzK$f0vrb1kJNg+K36izVvszSCMOpRZbN+scuck6mQevTPo=", "email": "", "date_joined": "2016-08-29T20:09:58.059Z"}, "model": "auth.user", "pk": 10}, {"fields": {"username": "12312", "first_name": "", "last_name": "", "is_active": true, "is_superuser": false, "is_staff": false, "last_login": null, "groups": [], "user_permissions": [], "password": "pbkdf2_sha256$20000$1UpLrKhde1bj$lPWEP/xi1jNGX6VxwEj7X1Z0X1fXoPw7it/BuVmWciE=", "email": "", "date_joined": "2016-08-29T20:12:32.219Z"}, "model": "auth.user", "pk": 11}, {"fields": {"username": "smarty", "first_name": "", "last_name": "", "is_active": true, "is_superuser": false, "is_staff": false, "last_login": null, "groups": [], "user_permissions": [], "password": "pbkdf2_sha256$20000$yrvnCPJ7c5wQ$4+RRgDcPc3Yd6jAoTPOCmpSFd9XInNgw4c5tZgt55o8=", "email": "", "date_joined": "2016-08-29T20:13:56.817Z"}, "model": "auth.user", "pk": 12}, {"fields": {"username": "asdfa", "first_name": "", "last_name": "", "is_active": true, "is_superuser": false, "is_staff": false, "last_login": null, "groups": [], "user_permissions": [], "password": "pbkdf2_sha256$20000$fBR32vbIvo7C$VI8s6oyWqbOMDWjWhgrd1g5HaadAtn2W8sjAJdK47UA=", "email": "", "date_joined": "2016-08-30T00:22:10.754Z"}, "model": "auth.user", "pk": 13}, {"fields": {"username": "asdasas", "first_name": "", "last_name": "", "is_active": true, "is_superuser": false, "is_staff": false, "last_login": null, "groups": [], "user_permissions": [], "password": "pbkdf2_sha256$20000$mj0cbvyvdT6j$PmwQoIor3Y1yGBT72kqrFyqpDqVL/s6L2Ht877b1N7c=", "email": "", "date_joined": "2016-08-30T00:23:24.742Z"}, "model": "auth.user", "pk": 14}, {"fields": {"username": "aaa", "first_name": "", "last_name": "", "is_active": true, "is_superuser": false, "is_staff": false, "last_login": "2016-08-30T00:27:08.108Z", "groups": [], "user_permissions": [], "password": "pbkdf2_sha256$20000$MKNKSkYzWMGz$K6h80FCVgxL5T/4GKf/1P49enwpD7ca69UGdP86Sj/s=", "email": "", "date_joined": "2016-08-30T00:27:08.042Z"}, "model": "auth.user", "pk": 15}, {"fields": {"username": "mike", "first_name": "", "last_name": "", "is_active": true, "is_superuser": true, "is_staff": true, "last_login": "2016-11-07T02:19:26.317Z", "groups": [], "user_permissions": [], "password": "pbkdf2_sha256$20000$BUDvcTSu4iFB$yg2Md43RThjTWojuOiW8NgpEo5XhhTZGcIMEltUATMA=", "email": "michael.a.hinckley@gmail.com", "date_joined": "2016-08-30T00:57:08.993Z"}, "model": "auth.user", "pk": 16}, {"fields": {"username": "smith", "first_name": "", "last_name": "", "is_active": true, "is_superuser": false, "is_staff": false, "last_login": "2016-09-27T17:59:20.113Z", "groups": [], "user_permissions": [], "password": "pbkdf2_sha256$20000$ZgcLDNSmMlNW$vtcl3Butg2kfGBXOz2Z2b+yxWgHZ4BIU78STK3KX39A=", "email": "", "date_joined": "2016-09-27T17:59:19.990Z"}, "model": "auth.user", "pk": 17}, {"fields": {"username": "tstjess", "first_name": "", "last_name": "", "is_active": true, "is_superuser": false, "is_staff": false, "last_login": "2016-09-27T18:03:33.750Z", "groups": [], "user_permissions": [], "password": "pbkdf2_sha256$20000$QrNELBSI79AK$T1AiFtzoMXK2qCvyWKWKKcXmYxulVhR4+qCCyhPPUlI=", "email": "test@example.com", "date_joined": "2016-09-27T18:03:33.590Z"}, "model": "auth.user", "pk": 18}, {"fields": {"username": "thisisatest", "first_name": "", "last_name": "", "is_active": true, "is_superuser": false, "is_staff": false, "last_login": "2016-10-23T00:32:50.660Z", "groups": [], "user_permissions": [], "password": "pbkdf2_sha256$20000$Canx0Igb9xsM$vBbS2jFCSU9GF5yMhpJMkbwYZ4xWrd66YySnRUByJiM=", "email": "mhin@wharton.upenn.edu", "date_joined": "2016-10-23T00:32:50.599Z"}, "model": "auth.user", "pk": 19}, {"fields": {"author": 1, "to_field": "xxx", "clazz": "Influence", "likes": [2, 15, 1], "published_date": "2016-08-29T17:30:12.314Z", "do_field": "xxx", "summary": "This is a summary."}, "model": "board.post", "pk": 1}, {"fields": {"author": 1, "to_field": "xxx", "clazz": "Influence", "likes": [15, 1], "published_date": "2016-08-29T23:43:14.933Z", "do_field": "xxx", "summary": "This is a summary."}, "model": "board.post", "pk": 2}, {"fields": {"author": 1, "to_field": "xxxasdf asd fasd ", "clazz": "Influence", "likes": [16, 1], "published_date": "2016-08-29T23:43:32.820Z", "do_field": "xxx asda sa ", "summary": "This is a summary."}, "model": "board.post", "pk": 3}, {"fields": {"author": 15, "to_field": "be better", "clazz": "Influence", "likes": [16], "published_date": "2016-08-30T00:33:15.551Z", "do_field": "do more", "summary": "This is a summary."}, "model": "board.post", "pk": 4}, {"fields": {"author": 15, "to_field": "adfas", "clazz": "Influence", "likes": [1], "published_date": "2016-08-30T00:33:34.176Z", "do_field": "asdfasdfasdfasd asd fasdf ", "summary": "This is a summary."}, "model": "board.post", "pk": 5}, {"fields": {"author": 16, "to_field": "xxxasdfas as xxxx", "clazz": "Influence", "likes": [1], "published_date": "2016-08-30T00:58:11.366Z", "do_field": "xxx", "summary": "This is a summary."}, "model": "board.post", "pk": 7}, {"fields": {"author": 16, "to_field": "another post", "clazz": "Influence", "likes": [1], "published_date": "2016-08-30T00:58:26.626Z", "do_field": "alksdfa asd a", "summary": "This is a summary."}, "model": "board.post", "pk": 8}, {"fields": {"author": 16, "to_field": "xxxasdfasdfa sdf asdf asdf asd ", "clazz": "Influence", "likes": [16, 1], "published_date": "2016-08-30T00:58:39.963Z", "do_field": "xxx", "summary": "This is a summary."}, "model": "board.post", "pk": 9}, {"fields": {"author": 16, "to_field": "xxx", "clazz": "Influence", "likes": [16, 1], "published_date": "2016-08-30T00:58:47.811Z", "do_field": "xxx", "summary": "This is a summary."}, "model": "board.post", "pk": 10}, {"fields": {"author": 16, "to_field": "xxx", "clazz": "Influence", "likes": [], "published_date": "2016-08-30T00:58:54.697Z", "do_field": "xxx", "summary": "This is a summary."}, "model": "board.post", "pk": 11}, {"fields": {"author": 16, "to_field": "xxx", "clazz": "Influence", "likes": [1], "published_date": "2016-08-30T00:59:11.626Z", "do_field": "xxx", "summary": "This is a summary."}, "model": "board.post", "pk": 12}, {"fields": {"author": 16, "to_field": "have more confidence", "clazz": "Influence", "likes": [1], "published_date": "2016-09-02T01:05:54.499Z", "do_field": "do a power pose for 2 minutes", "summary": "This is a summary."}, "model": "board.post", "pk": 13}, {"fields": {"author": 16, "to_field": "have more creative ideas", "clazz": "Influence", "likes": [16, 1], "published_date": "2016-09-02T01:07:08.712Z", "do_field": "generate more creative ideas", "summary": "This is a summary."}, "model": "board.post", "pk": 14}, {"fields": {"author": 16, "to_field": "have shorter meetings", "clazz": "Influence", "likes": [16, 1], "published_date": "2016-09-02T01:07:58.607Z", "do_field": "conduct them standing up", "summary": "This is a summary."}, "model": "board.post", "pk": 15}, {"fields": {"author": 16, "to_field": "be influential", "clazz": "Influence", "likes": [8, 16, 1], "published_date": "2016-09-23T01:46:45Z", "do_field": "be \"multiple\" in your influence style", "summary": "Influence is a portfolio of tactics and abilities. Different situations call for different tactics.  For example, in the case, Sergio was both muscular with Indonesians and participative with East Timorese.  "}, "model": "board.post", "pk": 16}, {"fields": {"author": 1, "to_field": "my test", "clazz": "Influence", "likes": [1], "published_date": "2016-09-25T21:40:23.553Z", "do_field": "is a good test", "summary": "This is a #topic"}, "model": "board.post", "pk": 17}, {"fields": {"author": 1, "to_field": "my test", "clazz": "Influence", "likes": [1], "published_date": "2016-09-25T21:40:50.839Z", "do_field": "is a good test", "summary": "This is a #topic"}, "model": "board.post", "pk": 18}, {"fields": {"author": 1, "to_field": "my test", "clazz": "Influence", "likes": [], "published_date": "2016-09-25T21:41:26.265Z", "do_field": "is a good test", "summary": "This is a #topic"}, "model": "board.post", "pk": 19}, {"fields": {"author": 1, "to_field": "my test", "clazz": "Influence", "likes": [], "published_date": "2016-09-25T21:43:21.356Z", "do_field": "is a good test", "summary": "This is a #topic"}, "model": "board.post", "pk": 20}, {"fields": {"author": 1, "to_field": " das ", "clazz": "Influence", "likes": [16], "published_date": "2016-09-27T17:12:10.293Z", "do_field": " asd ", "summary": "klj; dfa;sdkj fa;slkdj fa;sldkj f #thishashtag asda s qs "}, "model": "board.post", "pk": 21}, {"fields": {"author": 16, "to_field": "asdf", "clazz": "Influence", "likes": [16], "published_date": "2016-09-27T17:34:21.950Z", "do_field": "lkj ", "summary": ";lkjsadf #this is a #test "}, "model": "board.post", "pk": 22}, {"fields": {"author": 16, "to_field": "asdf", "clazz": "Influence", "likes": [1], "published_date": "2016-09-27T17:35:30.886Z", "do_field": "lkj ", "summary": ";lkjsadf #this is a #test "}, "model": "board.post", "pk": 23}, {"fields": {"author": 1, "to_field": " asdf", "clazz": "Influence", "likes": [], "published_date": "2016-09-28T22:16:38.315Z", "do_field": " asdf ", "summary": " a;lkj asda ;lkj #test, "}, "model": "board.post", "pk": 24}, {"fields": {"author": 19, "to_field": "be most productive", "clazz": "Influence", "likes": [19], "published_date": "2016-10-23T19:49:26.595Z", "do_field": "schedule every minute of every day", "summary": "Convincing your future self to do something is difficult.  This tool helps motivate your future self to stay on task because you've agreed ahead of time that it's important.  \r\n\r\nThis practice is important when you're busy...but it may be more important when you're not busy. \r\n\r\nBill Gates keeps a schedule like the President.  Every day is carved in increments of five minutes."}, "model": "board.post", "pk": 25}, {"fields": {"author": 1, "to_field": "be \"great\"", "clazz": "Influence", "likes": [], "published_date": "2016-10-31T14:37:47.332Z", "do_field": "combine a rare combination of skills", "summary": "Example: DHH"}, "model": "board.post", "pk": 26}, {"fields": {"author": 1, "to_field": "find your career calling", "clazz": "Influence", "likes": [16], "published_date": "2016-11-02T14:12:48.921Z", "do_field": "think of what you did as a kid that made you forget about time", "summary": "It may take awhile to figure it out.  Oscar Wilde:  \"Be yourself, because everyone else is taken\""}, "model": "board.post", "pk": 27}, {"fields": {"author": 1, "to_field": "get a check from Len Lodish", "clazz": "Digital Marketing", "likes": [], "published_date": "2016-11-02T16:09:20.736Z", "do_field": "know your customer in detail, charge high prices, and tell a story", "summary": "n/a"}, "model": "board.post", "pk": 28}, {"fields": {"author": 1, "to_field": "make better career decisions", "clazz": "Marketing", "likes": [16], "published_date": "2016-11-02T18:03:48.328Z", "do_field": "use the \"minimum regret framework\"", "summary": "Jeff Bezos & Eurie Kim"}, "model": "board.post", "pk": 29}, {"fields": {"author": 1, "to_field": "build an ambitious company", "clazz": "Angel List podcast", "likes": [], "published_date": "2016-11-02T18:08:38.324Z", "do_field": "hire the best team in world", "summary": "n/a"}, "model": "board.post", "pk": 30}, {"fields": {"author": 1, "to_field": "hire the best startup team members", "clazz": "Angel List podcast", "likes": [16, 1], "published_date": "2016-11-02T18:09:32.319Z", "do_field": "try \"renting\" them for 6 months", "summary": "Do anything you can do to get the best in the world"}, "model": "board.post", "pk": 31}, {"fields": {"author": 16, "to_field": "be a better boyfriend", "clazz": "Influence", "likes": [], "published_date": "2016-11-03T04:21:32.429Z", "do_field": "buy flowers once a year", "summary": "This is an #important note."}, "model": "board.post", "pk": 32}, {"fields": {"author": 16, "to_field": "hire the best startup team members", "clazz": "Influence", "likes": [16], "published_date": "2016-11-03T16:28:51.628Z", "do_field": "sell them on how good the \"worst-case\" scenario is", "summary": "Steve Newcomb (founder, COO of Powerset): even if it failed, engineers would be best in world at natural language processing and search"}, "model": "board.post", "pk": 33}, {"fields": {"author": 16, "to_field": "build awesome company brand and culture", "clazz": "Influence", "likes": [16], "published_date": "2016-11-03T16:44:33.178Z", "do_field": "pick 5 words that defines it", "summary": "n/a"}, "model": "board.post", "pk": 34}, {"fields": {"caption": "He really buys flowers all the time", "author": 16, "source_url": null, "person": "Tim Ferriss", "created_date": "2016-11-03T05:35:07.997Z", "post": 32}, "model": "board.proof", "pk": 1}, {"fields": {"caption": "founder of Powerset (Bing precursor) will wait 2 years for best in the world talent", "author": 16, "source_url": null, "person": "Steve Newcomb", "created_date": "2016-11-03T05:42:43.632Z", "post": 31}, "model": "board.proof", "pk": 2}, {"fields": {"caption": "Founder of Joie de Vivre", "author": 16, "source_url": null, "person": "Chip Conley", "created_date": "2016-11-03T05:44:37.326Z", "post": 27}, "model": "board.proof", "pk": 3}, {"fields": {"caption": "picked five words to define Powerset culture", "author": 16, "source_url": null, "person": "Steve Newcomb (Powerset)", "created_date": "2016-11-03T16:45:35.335Z", "post": 34}, "model": "board.proof", "pk": 4}, {"fields": {"caption": "picked five words to define concept/brand of every hotel he started", "author": 16, "source_url": null, "person": "Chip Conley (Airbnb)", "created_date": "2016-11-03T16:46:14.206Z", "post": 34}, "model": "board.proof", "pk": 5}, {"fields": {"caption": "Waited years for the best person in the world for the job", "author": 16, "source_url": null, "person": "Steve Newcomb (Powerset)", "created_date": "2016-11-03T23:08:52.823Z", "post": 30}, "model": "board.proof", "pk": 6}, {"fields": {"caption": "Waited years for the best person in the world for the job", "author": 16, "source_url": "https://itunes.apple.com/us/podcast/interview-steve-newcomb-hiring/id1087158055?i=1000377388084&mt=2", "person": "Steve Newcomb", "created_date": "2016-11-03T23:56:09.293Z", "post": 34}, "model": "board.proof", "pk": 7}, {"fields": {"entry": "xxx", "post": 20, "created_date": "2016-09-27T03:26:04.205Z", "author": 1}, "model": "board.comment", "pk": 1}, {"fields": {"entry": "xxx0", "post": 20, "created_date": "2016-09-27T03:26:17.156Z", "author": 1}, "model": "board.comment", "pk": 2}, {"fields": {"entry": "sa;jksdfas;lkdjfa ;sdklfja sd;lkfja ;lksdj a;lskj d", "post": 16, "created_date": "2016-10-23T00:34:52.163Z", "author": 19}, "model": "board.comment", "pk": 3}, {"fields": {"entry": "This isa my comment and I'm testing the color.", "post": 16, "created_date": "2016-10-23T00:51:53.573Z", "author": 19}, "model": "board.comment", "pk": 4}, {"fields": {"entry": "This is a really good one.  I like this.", "post": 25, "created_date": "2016-10-24T00:21:08.484Z", "author": 19}, "model": "board.comment", "pk": 5}, {"fields": {"entry": "I agree!  It's hard and the odds are not in your favor to be the \"Michael Jordan\" of something!", "post": 26, "created_date": "2016-10-31T14:39:29.312Z", "author": 1}, "model": "board.comment", "pk": 6}, {"fields": {"entry": "I love this.  I'd really like to think more about this.", "post": 27, "created_date": "2016-11-02T14:16:07.044Z", "author": 1}, "model": "board.comment", "pk": 7}, {"fields": {"entry": "Here is another test comment.", "post": 27, "created_date": "2016-11-02T14:23:28.332Z", "author": 1}, "model": "board.comment", "pk": 8}, {"fields": {"entry": "Here's my test comment.", "post": 30, "created_date": "2016-11-02T18:28:13.710Z", "author": 1}, "model": "board.comment", "pk": 9}, {"fields": {"entry": "Hello", "post": 31, "created_date": "2016-11-02T20:25:37.757Z", "author": 1}, "model": "board.comment", "pk": 10}, {"fields": {"entry": "Another hello", "post": 31, "created_date": "2016-11-02T20:29:04.182Z", "author": 1}, "model": "board.comment", "pk": 11}, {"fields": {"entry": "Third hello", "post": 31, "created_date": "2016-11-02T20:29:14.781Z", "author": 1}, "model": "board.comment", "pk": 12}, {"fields": {"entry": "Third hello", "post": 31, "created_date": "2016-11-02T20:31:51.578Z", "author": 1}, "model": "board.comment", "pk": 13}, {"fields": {"entry": "This is another great comment.", "post": 34, "created_date": "2016-11-06T21:14:22.216Z", "author": 16}, "model": "board.comment", "pk": 14}, {"fields": {"post": 22, "frequency": 3, "user": 16}, "model": "board.follow", "pk": 5}, {"fields": {"post": 23, "frequency": 3, "user": 16}, "model": "board.follow", "pk": 6}, {"fields": {"post": 21, "frequency": 6, "user": 16}, "model": "board.follow", "pk": 7}, {"fields": {"post": 14, "frequency": 1, "user": 1}, "model": "board.follow", "pk": 14}, {"fields": {"post": 22, "frequency": 3, "user": 1}, "model": "board.follow", "pk": 17}, {"fields": {"post": 23, "frequency": 1, "user": 1}, "model": "board.follow", "pk": 26}, {"fields": {"post": 20, "frequency": 6, "user": 1}, "model": "board.follow", "pk": 27}, {"fields": {"post": 21, "frequency": 6, "user": 1}, "model": "board.follow", "pk": 28}, {"fields": {"post": 19, "frequency": 1, "user": 1}, "model": "board.follow", "pk": 29}, {"fields": {"post": 16, "frequency": 3, "user": 1}, "model": "board.follow", "pk": 30}, {"fields": {"post": 17, "frequency": 6, "user": 1}, "model": "board.follow", "pk": 40}, {"fields": {"post": 18, "frequency": 1, "user": 1}, "model": "board.follow", "pk": 73}, {"fields": {"post": 13, "frequency": 6, "user": 1}, "model": "board.follow", "pk": 87}, {"fields": {"post": 12, "frequency": 6, "user": 1}, "model": "board.follow", "pk": 88}, {"fields": {"post": 9, "frequency": 6, "user": 1}, "model": "board.follow", "pk": 89}, {"fields": {"post": 25, "frequency": 3, "user": 1}, "model": "board.follow", "pk": 91}, {"fields": {"post": 31, "frequency": 1, "user": 1}, "model": "board.follow", "pk": 103}, {"fields": {"post": 30, "frequency": 1, "user": 16}, "model": "board.follow", "pk": 107}, {"fields": {"post": 31, "frequency": 3, "user": 16}, "model": "board.follow", "pk": 127}, {"fields": {"post": 32, "frequency": 3, "user": 16}, "model": "board.follow", "pk": 128}, {"fields": {"post": 34, "frequency": 1, "user": 16}, "model": "board.follow", "pk": 131}, {"fields": {"post": 16, "frequency": 3, "user": 16}, "model": "board.follow", "pk": 132}, {"fields": {"action_flag": 3, "action_time": "2016-08-30T00:57:38.497Z", "object_repr": ";2349paklsdf psdkjf a", "object_id": "6", "change_message": "", "user": 16, "content_type": 7}, "model": "admin.logentry", "pk": 1}, {"fields": {"action_flag": 1, "action_time": "2016-09-23T01:52:16.876Z", "object_repr": "be influential", "object_id": "16", "change_message": "", "user": 16, "content_type": 7}, "model": "admin.logentry", "pk": 2}]